{
  "created_utc": "2025-10-04T14:18:28.568003",
  "columns": {
    "hotel": {
      "top_value_proportions": {
        "0": 0.664461,
        "1": 0.335539
      },
      "n_unique": 2
    },
    "market_segment": {
      "top_value_proportions": {
        "6": 0.473046,
        "5": 0.202856,
        "4": 0.165935,
        "3": 0.105587,
        "2": 0.04435,
        "1": 0.006223,
        "0": 0.001985,
        "7": 1.7e-05
      },
      "n_unique": 8
    },
    "distribution_channel": {
      "top_value_proportions": {
        "3": 0.81975,
        "1": 0.122665,
        "0": 0.055926,
        "2": 0.001617,
        "4": 4.2e-05
      },
      "n_unique": 5
    },
    "reserved_room_type": {
      "top_value_proportions": {
        "0": 0.720278,
        "3": 0.160826,
        "4": 0.054737,
        "5": 0.024265,
        "6": 0.017539,
        "1": 0.009364,
        "2": 0.007806,
        "7": 0.005034,
        "9": 0.000101,
        "8": 5e-05
      },
      "n_unique": 10
    },
    "customer_type": {
      "top_value_proportions": {
        "2": 0.750591,
        "3": 0.210436,
        "0": 0.03414,
        "1": 0.004833
      },
      "n_unique": 4
    },
    "guest_type": {
      "top_value_proportions": {
        "couple": 0.683114,
        "solo_traveler": 0.189103,
        "family_with_children": 0.070517,
        "group": 0.049585,
        "family_with_babies": 0.007681
      },
      "n_unique": 5
    },
    "arrival_season": {
      "top_value_proportions": {
        "winter": 0.297127,
        "summer": 0.279705,
        "autumn": 0.249141,
        "spring": 0.174026
      },
      "n_unique": 4
    },
    "hotel_target_encoded": {
      "top_value_proportions": {
        "0.41777805836582016": 0.133772,
        "0.41785133877151737": 0.133604,
        "0.41697259993382385": 0.132867,
        "0.41866796764344844": 0.132239,
        "0.41508187438063326": 0.131979,
        "0.2775603494160744": 0.068021,
        "0.27735376915858617": 0.067761,
        "0.27948197846777967": 0.067133,
        "0.27516882955217375": 0.066396,
        "0.2786054178459242": 0.066228
      },
      "n_unique": 10
    },
    "market_segment_target_encoded": {
      "top_value_proportions": {
        "0.36711726709728976": 0.095703,
        "0.368653079308817": 0.094958,
        "0.36769683428091055": 0.09443,
        "0.3667654736096978": 0.094405,
        "0.365829434095524": 0.093551,
        "0.34480257021453": 0.041218,
        "0.3420074349442379": 0.040632,
        "0.3410017021715583": 0.040472,
        "0.34453261877769764": 0.040313,
        "0.343461914816913": 0.040221,
        "0.6071020925808497": 0.033847,
        "0.6109952606635071": 0.033386,
        "0.614203576167309": 0.03337,
        "0.6104215235334888": 0.033001,
        "0.6103692558460284": 0.032331,
        "0.15239520958083833": 0.02166,
        "0.1561072492552135": 0.021241,
        "0.15370902248192533": 0.021015,
        "0.1535950944515874": 0.020898,
        "0.15129369938771478": 0.020772,
        "0.1863398381722989": 0.009155,
        "0.1911100546707868": 0.009113,
        "0.18545712932259592": 0.008987,
        "0.18583862620559868": 0.008744,
        "0.18799441600744532": 0.008351,
        "0.125": 0.001332,
        "0.14188034188034188": 0.001323,
        "0.1218274111675127": 0.001273,
        "0.13210702341137123": 0.001215,
        "0.13192182410423453": 0.00108,
        "0.22043010891237144": 0.000427,
        "0.2287234053269401": 0.00041,
        "0.2116402127267593": 0.000402,
        "0.20942408467164003": 0.000385,
        "0.22680412430742453": 0.00036,
        "0.6852081413853757": 1.7e-05
      },
      "n_unique": 36
    },
    "distribution_channel_target_encoded": {
      "top_value_proportions": {
        "0.4109862288541946": 0.164696,
        "0.41108456516462033": 0.164159,
        "0.4109083479127026": 0.163858,
        "0.4100920593981026": 0.163757,
        "0.4082244564662652": 0.16328,
        "0.1772357723577236": 0.024793,
        "0.17429622657653804": 0.024776,
        "0.17191097467382963": 0.024441,
        "0.17558813501534265": 0.024399,
        "0.17397225295769853": 0.024257,
        "0.21781804454511136": 0.01155,
        "0.2185617469879518": 0.011433,
        "0.2206432311144353": 0.011132,
        "0.22444402915342926": 0.011106,
        "0.22226338210779775": 0.010704,
        "0.19463093816188887": 0.000369,
        "0.18000006437483895": 0.00036,
        "0.19736846895085886": 0.000343,
        "0.20512823579560657": 0.00031,
        "0.18181819604499994": 0.000235,
        "0.43844503735226303": 2.5e-05,
        "0.7320759378395608": 8e-06,
        "0.588465308636646": 8e-06
      },
      "n_unique": 23
    },
    "reserved_room_type_target_encoded": {
      "top_value_proportions": {
        "0.3896345901878003": 0.144937,
        "0.3905292722324898": 0.144711,
        "0.3910365366456018": 0.143722,
        "0.39163580919189717": 0.143471,
        "0.39252784271588087": 0.143437,
        "0.3161205766710354": 0.033009,
        "0.31908924843423797": 0.03244,
        "0.31619084865076263": 0.032323,
        "0.3189817520618222": 0.031845,
        "0.318578352180937": 0.031209,
        "0.2947429454967143": 0.0114,
        "0.2954064962521622": 0.011157,
        "0.29563227160022887": 0.010822,
        "0.28764773160503243": 0.010797,
        "0.2910504361016306": 0.010562,
        "0.30065934065934063": 0.00521,
        "0.3119861531804414": 0.004908,
        "0.2967602591792657": 0.004875,
        "0.3099742046431642": 0.004783,
        "0.29944938585345193": 0.004489,
        "0.37227602905569007": 0.003702,
        "0.35645355850422195": 0.003652,
        "0.3641826923076923": 0.003602,
        "0.3662551440329218": 0.003292,
        "0.3627278071722516": 0.003292,
        "0.3403019744483159": 0.002153,
        "0.3164983164983165": 0.001901,
        "0.32297447280799113": 0.001818,
        "0.33074361820199777": 0.001818,
        "0.3355119825708061": 0.001675,
        "0.32103825136612024": 0.001675,
        "0.33694181326116374": 0.001617,
        "0.3247978436657682": 0.001591,
        "0.32754010695187163": 0.001541,
        "0.34159061277705344": 0.001382,
        "0.40425531914893614": 0.001097,
        "0.41226215644820297": 0.001072,
        "0.40794979079497906": 0.00103,
        "0.4086242299794661": 0.000955,
        "0.40524193548387094": 0.000879,
        "0.8048129813923957": 5e-05,
        "0.8180185133956868": 5e-05,
        "0.3012440502308165": 1.7e-05,
        "0.44485467943373125": 1.7e-05,
        "0.3881276892161587": 8e-06,
        "0.26839015719366827": 8e-06
      },
      "n_unique": 46
    },
    "customer_type_target_encoded": {
      "top_value_proportions": {
        "0.4066526151226253": 0.150532,
        "0.40595648472499407": 0.150431,
        "0.4087548475295037": 0.150155,
        "0.4077947430802482": 0.149912,
        "0.40815530192176375": 0.14956,
        "0.2551534814075368": 0.042625,
        "0.2534256813991729": 0.04234,
        "0.2539493293591654": 0.041829,
        "0.2543964232488823": 0.041829,
        "0.25456983906218955": 0.041813,
        "0.30964939497362703": 0.007145,
        "0.3082614056720099": 0.006969,
        "0.3088235294117647": 0.006801,
        "0.31187061336588345": 0.006692,
        "0.3094660194174757": 0.006533,
        "0.10398230088495575": 0.001047,
        "0.09740259740259741": 0.000963,
        "0.10367170626349892": 0.000955,
        "0.0967741935483871": 0.000938,
        "0.10944206008583691": 0.00093
      },
      "n_unique": 20
    }
  },
  "target_mean": 0.37041628277075134
}